<?xml version="1.0" encoding="UTF-8" ?>
<!DOCTYPE tiles-definitions PUBLIC
    "-//Apache Software Foundation//DTD Tiles Configuration 3.0//EN"
    "http://tiles.apache.org/dtds/tiles-config_3_0.dtd">

<tiles-definitions>
    <definition name="web.user" template="/WEB-INF/layout/layout.jsp">
        <put-attribute name="header" value="/WEB-INF/layout/header.jsp" />
        <put-attribute name="menu" value="/WEB-INF/layout/menu.jsp" />
        <put-attribute name="body" value=""/>
        <put-attribute name="footer" value="/WEB-INF/layout/footer.jsp" />
    </definition>

    <definition name="*/*" extends="web.user">
        <put-attribute name="body" value="/WEB-INF/views/{1}/{2}.jsp" />
    </definition>
</tiles-definitions>